Facility Name,Capacity,Address,City,State,Zip Code,Date Accessed,State Facility Type 1 Literal
Martha Jefferson House,56,"1600 GORDON AVENUE,",Charlottesville,VA,22903,8/31/21,ASSISTED LIVING FACILITY
The Barrington At Hioaks,200,"350 HIOAKS ROAD,",Richmond,VA,23225,8/31/21,ASSISTED LIVING FACILITY
Westminster Canterbury - Richmond,214,"1600 WESTBROOK AVENUE,",Richmond,VA,23227,8/31/21,ASSISTED LIVING FACILITY
Essex House,20,"17976 TIDEWATER TRAIL,",Tappahannock,VA,22560,8/31/21,ASSISTED LIVING FACILITY
Hermitage Richmond Operated By Pinnacle Living,257,"1600 WESTWOOD AVENUE,",Richmond,VA,23227,8/31/21,ASSISTED LIVING FACILITY
Masonic Home Of Virginia,168,"500 MASONIC LANE,",Henrico,VA,23223,8/31/21,ASSISTED LIVING FACILITY
Brook Haven Rest Home,80,"610 FOURQUREAN LN.,",Richmond,VA,23222,8/31/21,ASSISTED LIVING FACILITY
Ginter Hall South,85,"11300 MALL COURT,",N. Chesterfield,VA,23235,8/31/21,ASSISTED LIVING FACILITY
Little Sisters Of The Poor In Richmond,40,"1503 MICHAELS ROAD,",Richmond,VA,23229,8/31/21,ASSISTED LIVING FACILITY
Petersburg Home For Ladies,54,"311 SOUTH JEFFERSON STREET,",Petersburg,VA,23803,8/31/21,ASSISTED LIVING FACILITY
St. Francis Home,135,"65 WEST CLOPTON STREET,",Richmond,VA,23225,8/31/21,ASSISTED LIVING FACILITY
Aable Rest Home,19,"31 STONEY POINT ROAD,",Cumberland,VA,23040,8/31/21,ASSISTED LIVING FACILITY
Mecklenburg House,45,"8535 HIGHWAY ONE SOUTH, P.O. BOX 249",South Hill,VA,23970,8/31/21,ASSISTED LIVING FACILITY
Totty Place,22,"3500 TOTTY PLACE,",S. Chesterfield,VA,23803,8/31/21,ASSISTED LIVING FACILITY
Tapp Family Home,10,"8106 RURAL POINT ROAD,",Mechanicsville,VA,23116,8/31/21,ASSISTED LIVING FACILITY
Lakewood Manor Baptist Retirement Community,74,"1900 LAUDERDALE DRIVE,",Richmond,VA,23238,8/31/21,ASSISTED LIVING FACILITY
Rappahannock Westminster Canterbury,62,"132 LANCASTER DRIVE,",Irvington,VA,22480,8/31/21,ASSISTED LIVING FACILITY
Palmer Springs Family Care & Retirement Center,32,"2450 MINERAL SPRINGS ROAD,",Boydton,VA,23917,8/31/21,ASSISTED LIVING FACILITY
Pine View Rest Home,60,"621 ACADEMY LANE,",South Hill,VA,23970,8/31/21,ASSISTED LIVING FACILITY
St. Mary'S Woods,130,"1257 MARYWOOD LANE,",Richmond,VA,23229,8/31/21,ASSISTED LIVING FACILITY
Essene Inc.,28,"4332 WORSHAM ROAD,",Powhatan,VA,23139,8/31/21,ASSISTED LIVING FACILITY
Westminster-Canterbury Of The Blue Ridge,59,"250 PANTOPS MOUNTAIN ROAD,",Charlottesville,VA,22911,8/31/21,ASSISTED LIVING FACILITY
Metro Gardens Assisted Living Facility,27,"17 SHORE STREET,",Petersburg,VA,23803,8/31/21,ASSISTED LIVING FACILITY
Chesterfield At Brandermill Woods,91,"2100 BRANDERMILL PARKWAY,",Midlothian,VA,23112,8/31/21,ASSISTED LIVING FACILITY
Humphrey'S Retirement Home,30,"3405 CHAMBERLAYNE AVENUE,",Richmond,VA,23227,8/31/21,ASSISTED LIVING FACILITY
The Hamilton West Adult Home,20,"309 W. WASHINGTON STREET,",Petersburg,VA,23803,8/31/21,ASSISTED LIVING FACILITY
Alpha House,34,"811 THOMPSON STREET,",Ashland,VA,23005,8/31/21,ASSISTED LIVING FACILITY
Our Lady Of Peace,140,"751 HILLSDALE DRIVE,",Charlottesville,VA,22901,8/31/21,ASSISTED LIVING FACILITY
Chamberlin House North,14,"3822 CHAMBERLAYNE AVENUE,",Richmond,VA,23227,8/31/21,ASSISTED LIVING FACILITY
Good Neighbor Village Inc.,24,"8825 BUFFIN ROAD,",Richmond,VA,23231,8/31/21,ASSISTED LIVING FACILITY
North View Home For Adults,18,"399 SAFFOLD ROAD,",South Hill,VA,23970,8/31/21,ASSISTED LIVING FACILITY
Tiffanie'S Manor For Young Adults,140,"115 N. JEFFERSON STREET,",Richmond,VA,23220,8/31/21,ASSISTED LIVING FACILITY
Clara'S Residential Assisted Living,14,"1638 W. GRACE STREET,",Richmond,VA,23220,8/31/21,ASSISTED LIVING FACILITY
Coles Retirement Home,19,"800 NORTH BOULEVARD,",Richmond,VA,23220,8/31/21,ASSISTED LIVING FACILITY
"Our Lady Of Hope Health Center, Inc.",100,"13700 N. GAYTON ROAD,",Richmond,VA,23233,8/31/21,ASSISTED LIVING FACILITY
O'Brien Home For The Elderly - North,20,"3401 CHAMBERLAYNE AVENUE,",Richmond,VA,23227,8/31/21,ASSISTED LIVING FACILITY
Cedarfield Pinnacle Living,85,"2300 CEDARFIELD PARKWAY,",Richmond,VA,23233,8/31/21,ASSISTED LIVING FACILITY
Hickory Hill Retirement Community,65,"900 CARY SHOP ROAD,",Burkeville,VA,23922,8/31/21,ASSISTED LIVING FACILITY
Dlm Palace Rest Home,25,"3502 CHAMBERLAYNE AVENUE,",Richmond,VA,23227,8/31/21,ASSISTED LIVING FACILITY
Assisted Living At Lucy Corr,58,"6800 LUCY CORR BOULEVARD,",Chesterfield,VA,23832,8/31/21,ASSISTED LIVING FACILITY
The Dunlop House,134,"235 DUNLOP FARMS BOULEVARD,",Colonial Heights,VA,23834,8/31/21,ASSISTED LIVING FACILITY
Hanover Manor,46,"809 THOMPSON STREET,",Ashland,VA,23005,8/31/21,ASSISTED LIVING FACILITY
Bridgeforth Manor,6,"2683 WASHINGTON AVENUE EXT.,",Victoria,VA,23974,8/31/21,ASSISTED LIVING FACILITY
Beth Sholom Gardens,71,"2001 LAUDERDALE DRIVE,",Richmond,VA,23238,8/31/21,ASSISTED LIVING FACILITY
Covenant Woods,60,"7090 COVENANT WOODS DRIVE,",Mechanicsville,VA,23111,8/31/21,ASSISTED LIVING FACILITY
"Rosewood Village Assisted Living, Llc",90,"500 GREENBRIER DRIVE,",Charlottesville,VA,22901,8/31/21,ASSISTED LIVING FACILITY
Clara'S Adult Home West,14,"2230 WEST GRACE STREET,",Richmond,VA,23220,8/31/21,ASSISTED LIVING FACILITY
Madison House,93,"3212 CHAMBERLAYNE AVENUE,",Richmond,VA,23227,8/31/21,ASSISTED LIVING FACILITY
Spring Arbor Of Richmond,90,"9991 RIDGEFIELD PARKWAY,",Richmond,VA,23233,8/31/21,ASSISTED LIVING FACILITY
Helping Hands Adult Care Center Of Petersburg,31,"130 MCKEEVER STREET,",Petersburg,VA,23803,8/31/21,ASSISTED LIVING FACILITY
Special Care For Special People,14,"4004 WILMONT DRIVE,",Richmond,VA,23222,8/31/21,ASSISTED LIVING FACILITY
The Woodland Inc.,164,"2003 COBB STREET,",Farmville,VA,23901,8/31/21,ASSISTED LIVING FACILITY
Harris Manor,17,"24212 GLORIA DRIVE,",Petersburg,VA,23803,8/31/21,ASSISTED LIVING FACILITY
"Pauline'S Pavilion, Llc",16,"19312 WHITE OAK ROAD,",Sutherland,VA,23832,8/31/21,ASSISTED LIVING FACILITY
First Choice Home For Adults,8,"1147 FARMERS FIELD ROAD,",Lawrenceville,VA,23868,8/31/21,ASSISTED LIVING FACILITY
Victory Assisted Living,14,"27 CENTRE HILL CT,",Petersburg,VA,23803,8/31/21,ASSISTED LIVING FACILITY
Brookdale Midlothian,100,"14016 TURNBERRY LANE,",Midlothian,VA,23113,8/31/21,ASSISTED LIVING FACILITY
The Haven Assisted Living @ Eleanor,8,"7472 ELEANOR DRIVE, P.O. BOX 1526, MECHANICSVILLE, VA 23116",Mechanicsville,VA,23111,8/31/21,ASSISTED LIVING FACILITY
Rita Heavenly Adult Care #2,14,"700 WEST WASHINGTON STREET,",Highland Springs,VA,23075,8/31/21,ASSISTED LIVING FACILITY
Commonwealth Senior Living At Kilmarnock,81,"460 S. MAIN STREET,",Kilmarnock,VA,22482,8/31/21,ASSISTED LIVING FACILITY
Another Level Quality Care,11,"5612 MONCURE AVENUE,",Henrico,VA,23231,8/31/21,ASSISTED LIVING FACILITY
The Haven Assisted Living @ Sandy Valley,6,"4350 SANDY VALLEY ROAD,",Mechanicsville,VA,23111,8/31/21,ASSISTED LIVING FACILITY
Chestnut Grove Assisted Living Facility,85,"9010 WOODMAN ROAD,",Richmond,VA,23228,8/31/21,ASSISTED LIVING FACILITY
Spring Arbor Of Salisbury,100,"14001 TURNBERRY LANE,",Midlothian,VA,23113,8/31/21,ASSISTED LIVING FACILITY
Windsor Senior Living,60,"3600 GROVE AVENUE,",Richmond,VA,23221,8/31/21,ASSISTED LIVING FACILITY
Clara'S East Assisted Living Facility,8,"800 WEST NINE MILE ROAD,",Highland Springs,VA,23075,8/31/21,ASSISTED LIVING FACILITY
The Village At Manorcare,70,"2125 HILLIARD ROAD,",Richmond,VA,23228,8/31/21,ASSISTED LIVING FACILITY
The Haven Assisted Living@Cold Harbor,8,"6367 COLD HARBOR ROAD,",Mechanicsville,VA,23111,8/31/21,ASSISTED LIVING FACILITY
The Guardian Light,8,"2101 MOUNTAIN RUN DRIVE,",Glen Allen,VA,23060,8/31/21,ASSISTED LIVING FACILITY
"Monticello Ridge Crossing Facility, Llc",30,"218 RIDGE STREET,",Charlottesville,VA,22902,8/31/21,ASSISTED LIVING FACILITY
The Morris'S Assisted Living,12,"2514 WEST GRACE STREET,",Richmond,VA,23220,8/31/21,ASSISTED LIVING FACILITY
"Love Unlimited, Inc.",10,"708 WEST WASHINGTON STREET,",Highland Springs,VA,23075,8/31/21,ASSISTED LIVING FACILITY
"Rosewood Village Hollymead Assisted Living, Llc",96,"2029 LOCKWOOD DRIVE,",Charlottesville,VA,22911,8/31/21,ASSISTED LIVING FACILITY
Williams Luv N Care Home,8,"4012 ELMSWELL DRIVE,",Richmond,VA,23223,8/31/21,ASSISTED LIVING FACILITY
The Haven Assisted Living @ Lakeway,7,"6352 LAKEWAY DRIVE,",Mechanicsville,VA,23111,8/31/21,ASSISTED LIVING FACILITY
Jan'S Residential Home I,12,"307 N. HIGH STREET, P. O. BOX 666",Blackstone,VA,23824,8/31/21,ASSISTED LIVING FACILITY
The Crossings At Ironbridge,96,"6701 IRONBRIDGE PARKWAY,",Chester,VA,23831,8/31/21,ASSISTED LIVING FACILITY
The Haven Assisted Living @ Studley,8,"7436 STUDLEY ROAD,",Mechanicsville,VA,23116,8/31/21,ASSISTED LIVING FACILITY
The Haven Assisted Living @ Dijon,6,"6171 DIJON DRIVE,",Mechanicsville,VA,23116,8/31/21,ASSISTED LIVING FACILITY
First Choice West,4,"826 STURGEON ROAD,",Lawrenceville,VA,23868,8/31/21,ASSISTED LIVING FACILITY
The Haven Assisted Living @ Mayfield,8,"8085 S. MAYFIELD LANE,",Mechanicsville,VA,23111,8/31/21,ASSISTED LIVING FACILITY
Azzie Manor,44,"15611 KEELERS MILL ROAD,",Dewitt,VA,23840,8/31/21,ASSISTED LIVING FACILITY
Grace House,11,"2027 WEST GRACE STREET,",Richmond,VA,23220,8/31/21,ASSISTED LIVING FACILITY
The Heritage Inn Assisted Living And Memory Care Facility,66,"220 SOUTH PANTOPS DRIVE,",Charlottesville,VA,22911,8/31/21,ASSISTED LIVING FACILITY
"Parkside Assisted Living, Llc",85,"1550 JOHN ROLFE PARKWAY,",Richmond,VA,23230,8/31/21,ASSISTED LIVING FACILITY
Rah Winthrop Manor,120,"2100 IDLEWOOD AVENUE,",Richmond,VA,23220,8/31/21,ASSISTED LIVING FACILITY
Community Alternatives Assisted Living Llc #2,15,"618 N. 32ND STREET,",Richmond,VA,23223,8/31/21,ASSISTED LIVING FACILITY
Commonwealth Senior Living At Farnham,58,"511 CEDAR GROVE ROAD,",Farnham,VA,22460,8/31/21,ASSISTED LIVING FACILITY
The Lodge At Old Trail,166,"330 CLAREMONT LANE,",Crozet,VA,22932,8/31/21,ASSISTED LIVING FACILITY
Sunrise At Bon Air,94,"2105 CRANBECK ROAD,",Richmond,VA,23235,8/31/21,ASSISTED LIVING FACILITY
Hawkins Residential Llc #2,7,"3712 WESTCLIFFE AVENUE,",Richmond,VA,23222,8/31/21,ASSISTED LIVING FACILITY
Fillmore Place,89,"36 WEST FILLMORE STREET,",Petersburg,VA,23803,8/31/21,ASSISTED LIVING FACILITY
Restoration Assisted Living Facility Llc #1,8,"3825 AUSTIN AVENUE,",Richmond,VA,23222,8/31/21,ASSISTED LIVING FACILITY
"Yama Services, Llc",8,"10046 RINKER DRIVE,",Mechanicsville,VA,23116,8/31/21,ASSISTED LIVING FACILITY
Magnolias Of Chesterfield,75,"6701 COURTYARD ROAD,",Chester,VA,23831,8/31/21,ASSISTED LIVING FACILITY
Vitality Living West End Richmond,136,"1800 GASKINS ROAD,",Henrico,VA,23238,8/31/21,ASSISTED LIVING FACILITY
Hawkins Residential Llc #3,8,"2407 DUMBARTON ROAD,",Richmond,VA,23228,8/31/21,ASSISTED LIVING FACILITY
Commonwealth Senior Living At Chesterfield,82,"4931 RIDGEDALE PARKWAY,",Richmond,VA,23234,8/31/21,ASSISTED LIVING FACILITY
"Community Alternatives Assisted Living, Llc",13,"620 N. 32ND STREET,",Richmond,VA,23223,8/31/21,ASSISTED LIVING FACILITY
Hawkins Residential Llc #1,8,"5500 CHAMBERLAYNE AVENUE,",Richmond,VA,23227,8/31/21,ASSISTED LIVING FACILITY
Commonwealth Senior Living At The West End,95,"2400 GASKINS ROAD,",Richmond,VA,23238,8/31/21,ASSISTED LIVING FACILITY
"Hall'S Care Homes, Llc S.",8,"6520 LICKING CREEK DRIVE,",Chesterfield,VA,23832,8/31/21,ASSISTED LIVING FACILITY
The Crossings At Bon Air,120,"9100 BON AIR CROSSINGS DRIVE,",Richmond,VA,23235,8/31/21,ASSISTED LIVING FACILITY
Commonwealth Senior Living At Charlottesville,93,"1550 PANTOPS MOUNTAIN PLACE,",Charlottesville,VA,22911,8/31/21,ASSISTED LIVING FACILITY
Brown Stone Assisted Living Facility,15,"1901 4TH AVENUE,",Richmond,VA,23222,8/31/21,ASSISTED LIVING FACILITY
"Cha Cha'S Care Home, Llc",8,"6291 SIMI COURT,",Mechanicsville,VA,23111,8/31/21,ASSISTED LIVING FACILITY
"Oakland Manor, Llc #1",6,"1754 OAKLAND STREET,",Petersburg,VA,23805,8/31/21,ASSISTED LIVING FACILITY
The Harmony Collection @ Hanover Assisted Living And Memory Care,113,"8227 MEADOWBRIDGE ROAD,",Mechanicsville,VA,23116,8/31/21,ASSISTED LIVING FACILITY
Continued Care Llc,6,"2707 CATCHPENNY ROAD,",Richmond,VA,23223,8/31/21,ASSISTED LIVING FACILITY
Bickford Of Chesterfield,74,"11200 W. HUGUENOT ROAD,",Midlothian,VA,23113,8/31/21,ASSISTED LIVING FACILITY
Elizabeth House Assisted Living,60,"3590 MOUNTAIN ROAD,",Glen Allen,VA,23060,8/31/21,ASSISTED LIVING FACILITY
Spring Arbor Cottage Of Salisbury,48,"14020 STEEPLESTONE DRIVE,",Midlothian,VA,23113,8/31/21,ASSISTED LIVING FACILITY
Holly Haven #7,16,"230 HIGH STREET,",La Crosse,VA,23950,8/31/21,ASSISTED LIVING FACILITY
Spring Arbor Cottage Of Richmond,48,"10601 BARBARA LANE,",Richmond,VA,23233,8/31/21,ASSISTED LIVING FACILITY
Manorhouse Assisted Living & Memory Care,100,"13500 NORTH GAYTON ROAD,",Richmond,VA,23233,8/31/21,ASSISTED LIVING FACILITY
Oakland Manor Llc 2,7,"1836 MATOAX AVENUE,",Petersburg,VA,23805,8/31/21,ASSISTED LIVING FACILITY
Harris Manor 2,4,"15609 KELLERS MILL ROAD,",Dewitt,VA,23840,8/31/21,ASSISTED LIVING FACILITY
The Traway Home (Synergy Community Supports Llc),6,"8001 TRAWAY COURT,",Chesterfield,VA,23235,8/31/21,ASSISTED LIVING FACILITY
"Community Care Assisted Living Of Virginia, Inc.",10,"1521 RICHMOND HIGHWAY,",Richmond,VA,23224,8/31/21,ASSISTED LIVING FACILITY
"Ec Opco Chesterfield, Llc Dba Elmcroft Of Chesterfield",120,"1000 TWINRIDGE LANE,",Richmond,VA,23235,8/31/21,ASSISTED LIVING FACILITY
"Hawkins Residential, Llc #4",17,"3206 CHAMBERLAYNE AVENUE,",Richmond,VA,23227,8/31/21,ASSISTED LIVING FACILITY
Atkinson'S Retirement Home,8,"4001 ELMSWELL DRIVE,",Richmond,VA,23223,8/31/21,ASSISTED LIVING FACILITY
Reflections Assisted Living,10,"143 UNITY ROAD,",Kenbridge,VA,23944,8/31/21,ASSISTED LIVING FACILITY
"Powell Residential, Llc",3,"4101 FALCONWAY LANE,",Richmond,VA,23237,8/31/21,ASSISTED LIVING FACILITY
Linden House,94,"1250 BRANCHLANDS DRIVE,",Charlottesville,VA,22901,8/31/21,ASSISTED LIVING FACILITY
Spring Oak Assisted Living At Petersburg,46,"590 FLANK ROAD,",Petersburg,VA,23805,8/31/21,ASSISTED LIVING FACILITY
The Colonnades,60,"100 COLONNADES HILL DRIVE,",Charlottesville,VA,22901,8/31/21,ASSISTED LIVING FACILITY
Hall'S Care Homes Llc,8,"1807 OLD WILLIAMSBURG ROAD,",Sandston,VA,23150,8/31/21,ASSISTED LIVING FACILITY
The Pearl At Watkins Centre,50,"650 WATKINS CENTRE PARKWAY,",Midlothian,VA,23113,8/31/21,ASSISTED LIVING FACILITY
Candle Light Senior Manor,8,"8413 FREDONIA ROAD,",Richmond,VA,23227,8/31/21,ASSISTED LIVING FACILITY
Heritage Green Assisted Living,96,"7080 BROOKS FARM ROAD,",Mechanicsville,VA,23111,8/31/21,ASSISTED LIVING FACILITY
English Meadows Crozet Campus,107,"1220 CROZET AVENUE,",Crozet,VA,22932,8/31/21,ASSISTED LIVING FACILITY
Sun Rise On The South Home Care And Transportation,7,"3000 SOUTH STREET,",South Chesterfield,VA,23834,8/31/21,ASSISTED LIVING FACILITY
Covenant Columns Manor,24,"510 PARK AVENUE,",Richmond,VA,23223,8/31/21,ASSISTED LIVING FACILITY
"Cha Cha'S Care Home, Llc #2",5,"6290 SIMI COURT,",Mechanicsville,VA,23111,8/31/21,ASSISTED LIVING FACILITY
The Blake At Charlottesville,130,"250 NICHOLS COURT,",Charlottesville,VA,22901,8/31/21,ASSISTED LIVING FACILITY
Oakland Manor,6,"1830 MATOAX AVENUE,",Petersburg,VA,23805,8/31/21,ASSISTED LIVING FACILITY
Blue Ridge Senior Living Of Richmond,140,"12411 GAYTON ROAD,",Richmond,VA,23228,8/31/21,ASSISTED LIVING FACILITY
Sunrise Of Richmond,110,"1807 N. PARHAM,",Richmond,VA,23229,8/31/21,ASSISTED LIVING FACILITY
Community Care Assisted Living Of Virginia Inc. (Forest Hill),54,"7804 FOREST HILL AVENUE,",Richmond,VA,23225,8/31/21,ASSISTED LIVING FACILITY
Morningside Of Charlottesville,100,"491 CRESTWOOD DRIVE,",Charlottesville,VA,22903,8/31/21,ASSISTED LIVING FACILITY
Morningside At Skipwith (West End),105,"3000 SKIPWITH ROAD,",Richmond,VA,23294,8/31/21,ASSISTED LIVING FACILITY
Morningside Of Bellgrade,130,"2800 POLO PARKWAY,",Midlothian,VA,23113,8/31/21,ASSISTED LIVING FACILITY
"Priceless Development, Llc",8,"801 AZALEA AVENUE,",Richmond,VA,23227,8/31/21,ASSISTED LIVING FACILITY
Auburn Hill At Swift Creek,115,"5800 HARBOUR LANE,",Midlothian,VA,23112,8/31/21,ASSISTED LIVING FACILITY
Discovery Village At The West End,105,"2422 UNIVERSITY PARK BOULEVARD,",Richmond,VA,23233,8/31/21,ASSISTED LIVING FACILITY
The Westmont At Short Pump,170,"14399 N. GAYTON ROAD,",Glen Allen,VA,23059,8/31/21,ASSISTED LIVING FACILITY
Acadia Care Llc,8,"9285 CRITZERS SHOP ROAD,",Afton,VA,22920,8/31/21,ASSISTED LIVING FACILITY
Northern Neck Senior Care,50,"62 DELFAE DRIVE,",Warsaw,VA,22572,8/31/21,ASSISTED LIVING FACILITY
The Harmony Collection @ Hanover [Il/Al],52,"8203 MEADOWBRIDGE ROAD,",Mechanicsville,VA,23116,8/31/21,ASSISTED LIVING FACILITY
Noble Senior Living At Louisa,32,"440 W. MAIN STREET,",Louisa,VA,23093,8/31/21,ASSISTED LIVING FACILITY
Anthology Senior Living Of Midlothian,146,"11210 ROBIOUS ROAD,",Richmond,VA,23235,8/31/21,ASSISTED LIVING FACILITY
"Secure Assisted Living, Llc",7,"5904 PINE STREET,",Henrico,VA,23075,8/31/21,ASSISTED LIVING FACILITY
Sunrise Villa Tuckahoe,250,"12401 GAYTON ROAD,",Richmond,VA,23238,8/31/21,ASSISTED LIVING FACILITY
Arden Courts (Richmond),96,"13800 BON SECOURS DRIVE,",Midlothian,VA,23114,8/31/21,ASSISTED LIVING FACILITY
"Hilton Plaza, Inc.",71,"311 MAIN STREET,",Newport News,VA,23601,8/31/21,ASSISTED LIVING FACILITY
Newport News Baptist Retirement Community Dba The Chesapeake,90,"955 HARPERSVILLE ROAD,",Newport News,VA,23601,8/31/21,ASSISTED LIVING FACILITY
The Hidenwood Retirement Community,125,"50 WELLESLEY DRIVE,",Newport News,VA,23606,8/31/21,ASSISTED LIVING FACILITY
Assisted Living At Warwick Forest,273,"860 DENBIGH BLVD.,",Newport News,VA,23602,8/31/21,ASSISTED LIVING FACILITY
Open Arms Adult Home,5,"918 27TH STREET,",Newport News,VA,23607,8/31/21,ASSISTED LIVING FACILITY
Assisted Living At Patriots Colony At Williamsburg,136,"6200 PATRIOTS COLONY DRIVE,",Williamsburg,VA,23188,8/31/21,ASSISTED LIVING FACILITY
Commonwealth Senior Living At Gloucester House,96,"7657 MEREDITH DRIVE,",Gloucester,VA,23061,8/31/21,ASSISTED LIVING FACILITY
Commonwealth Senior Living At Hampton,116,"1030 TOPPING LANE,",Hampton,VA,23666,8/31/21,ASSISTED LIVING FACILITY
Mennowood Retirement Community,90,"13030 WARWICK BLVD.,",Newport News,VA,23602,8/31/21,ASSISTED LIVING FACILITY
Woodhaven At Williamsburg Landing,120,"5500 WILLIAMSBURG LANDING,",Williamsburg,VA,23185,8/31/21,ASSISTED LIVING FACILITY
Cary Adult Home,60,"7336 CARY AVENUE,",Gloucester,VA,23061,8/31/21,ASSISTED LIVING FACILITY
Assisted Living At Sanders,45,"7407 WALKER AVENUE,",Gloucester,VA,23061,8/31/21,ASSISTED LIVING FACILITY
Bethel Helping Hands,6,"11 BIG BETHEL ROAD,",Hampton,VA,23666,8/31/21,ASSISTED LIVING FACILITY
Brighter Living Assisted Living,148,"5301 PLAZA DRIVE,",Hopewell,VA,23860,8/31/21,ASSISTED LIVING FACILITY
Brookdale Chambrel Williamsburg,170,"3800 TREYBURN DRIVE,",Williamsburg,VA,23185,8/31/21,ASSISTED LIVING FACILITY
"Open Arms Adult Home Ii, Llc",10,"1229 27TH STREET,",Newport News,VA,23607,8/31/21,ASSISTED LIVING FACILITY
Spring Arbor Of Williamsburg,100,"935 CAPITOL LANDING ROAD,",Williamsburg,VA,23185,8/31/21,ASSISTED LIVING FACILITY
Colonial Manor,85,"8679 POCAHONTAS TRAIL,",Williamsburg,VA,23185,8/31/21,ASSISTED LIVING FACILITY
"Windsormeade Williamsburg, Pinnacle Living",32,"3900 WINDSOR HALL DRIVE,",Williamsburg,VA,23188,8/31/21,ASSISTED LIVING FACILITY
Heart & Soul Iii Alf,27,"611 19TH STREET,",Newport News,VA,23607,8/31/21,ASSISTED LIVING FACILITY
St. Charles Lwanga House G,6,"2208 JOLLY POND ROAD,",Williamsburg,VA,23188,8/31/21,ASSISTED LIVING FACILITY
Nehemiah Assisted Living Facility,6,"105 WATKINS DRIVE,",Hampton,VA,23669,8/31/21,ASSISTED LIVING FACILITY
Greenfield Assisted Living Of Williamsburg,65,"251 PATRIOT LANE,",Williamsburg,VA,23185,8/31/21,ASSISTED LIVING FACILITY
The Huntington,52,"11143 WARWICK BOULEVARD,",Newport News,VA,23601,8/31/21,ASSISTED LIVING FACILITY
"Golden Care Services, Llc",6,"532 SETTLERS LANDING ROAD,",Hampton,VA,23669,8/31/21,ASSISTED LIVING FACILITY
Commonwealth Senior Living At Williamsburg,87,"236 COMMONS WAY,",Williamsburg,VA,23185,8/31/21,ASSISTED LIVING FACILITY
"Golden Years Assisted Living Facility, Inc.",98,"40 HUNT CLUB BOULEVARD,",Hampton,VA,23666,8/31/21,ASSISTED LIVING FACILITY
Edgeworth Park At New Town,95,"5501 DISCOVERY PARK BOULEVARD,",Williamsburg,VA,23188,8/31/21,ASSISTED LIVING FACILITY
White Oaks At Williamsburg,48,"1807 JAMESTOWN ROAD,",Williamsburg,VA,23185,8/31/21,ASSISTED LIVING FACILITY
Harmony On The Peninsula,130,"3540 VICTORY BOULEVARD,",Yorktown,VA,23693,8/31/21,ASSISTED LIVING FACILITY
The Devonshire,50,"2220 EXECUTIVE DRIVE,",Hampton,VA,23666,8/31/21,ASSISTED LIVING FACILITY
St. Charles Lwanga House At Reflection Drive,6,"254 REFLECTION DRIVE,",Williamsburg,VA,23188,8/31/21,ASSISTED LIVING FACILITY
The Hamilton,65,"113 BATTLE ROAD,",Yorktown,VA,23692,8/31/21,ASSISTED LIVING FACILITY
Morningside Of Newport News,104,"655 DENBIGH BOULEVARD,",Newport News,VA,23608,8/31/21,ASSISTED LIVING FACILITY
Dominion Village Of Williamsburg,58,"4132 LONGHILL ROAD,",Williamsburg,VA,23188,8/31/21,ASSISTED LIVING FACILITY
Dominion Village At Poquoson,43,"531 WYTHE CREEK ROAD,",Poquoson,VA,23662,8/31/21,ASSISTED LIVING FACILITY
Morningside Of Williamsburg,100,"440 MCLAWS CIRCLE,",Williamsburg,VA,23185,8/31/21,ASSISTED LIVING FACILITY
Magnolia Manor At Smithfield,72,"101 JOHN ROLFE DRIVE,",Smithfield,VA,23430,8/31/21,ASSISTED LIVING FACILITY
Hills Home For Adults,48,"1443 COMMERCE AVENUE,",Chesapeake,VA,23324,8/31/21,ASSISTED LIVING FACILITY
Emily Green Shores,39,"500 WESTMORELAND AVENUE,",Portsmouth,VA,23707,8/31/21,ASSISTED LIVING FACILITY
Westminster Canterbury On Chesapeake Bay,120,"3100 SHORE DRIVE,",Virginia Beach,VA,23451,8/31/21,ASSISTED LIVING FACILITY
Marian Manor,145,"5345 MARIAN LANE,",Virginia Beach,VA,23462,8/31/21,ASSISTED LIVING FACILITY
Village At Woods Edge,67,"1401 NORTH HIGH STREET,",Franklin,VA,23851,8/31/21,ASSISTED LIVING FACILITY
Eugene H. Bloom Retirement Center,65,"308 WEAVER AVENUE,",Emporia,VA,23847,8/31/21,ASSISTED LIVING FACILITY
First Colonial Inn Alf,85,"845 FIRST COLONIAL ROAD,",Virginia Beach,VA,23451,8/31/21,ASSISTED LIVING FACILITY
Madonna Home Inc.,16,"814 W. 37TH STREET,",Norfolk,VA,23508,8/31/21,ASSISTED LIVING FACILITY
Bell'S Residential Adult Care Home,30,"3720 DEEP CREEK BOULEVARD,",Portsmouth,VA,23702,8/31/21,ASSISTED LIVING FACILITY
Virginia Home For Adults,52,"2701 BORDER ROAD,",Chesapeake,VA,23325,8/31/21,ASSISTED LIVING FACILITY
Commonwealth Senior Living At King'S Grant House,75,"440 NORTH LYNNHAVEN ROAD,",Va. Beach,VA,23452,8/31/21,ASSISTED LIVING FACILITY
Commonwealth Seniorlliving At Churchland House,80,"4916 WEST NORFOLK ROAD,",Portsmouth,VA,23703,8/31/21,ASSISTED LIVING FACILITY
Province Place Of Maryview,78,"ONE BON SECOURS WAY,",Portsmouth,VA,23703,8/31/21,ASSISTED LIVING FACILITY
Our Lady Of Perpetual Help Health Center,95,"4560 PRINCESS ANNE ROAD,",Va Beach,VA,23462,8/31/21,ASSISTED LIVING FACILITY
Baylake Retirement Community,90,"4225 SHORE DRIVE,",Virginia Beach,VA,23455,8/31/21,ASSISTED LIVING FACILITY
Province Place Depaul,97,"6403 GRANBY STREET,",Norfolk,VA,23505,8/31/21,ASSISTED LIVING FACILITY
Lav'M Adult Residence,21,"912 S. BATTLEFIELD BLVD.,",Chesapeake,VA,23322,8/31/21,ASSISTED LIVING FACILITY
Abundant Care,8,"5556 PACA LANE,",Va Beach,VA,23462,8/31/21,ASSISTED LIVING FACILITY
Harbourway Assisted Living,74,"1217 ALLIANCE DRIVE,",Va Beach,VA,23454,8/31/21,ASSISTED LIVING FACILITY
Lake Prince Woods,54,"100 ANNA GOODE WAY,",Suffolk,VA,23434,8/31/21,ASSISTED LIVING FACILITY
The Terrace At Beth Sholom Village,84,"1049 COLLEGE PARK BLVD.,",Virginia Beach,VA,23464,8/31/21,ASSISTED LIVING FACILITY
Commonwealth Senior Living At Leigh Hall,90,"890 POPLAR HALL DRIVE,",Norfolk,VA,23502,8/31/21,ASSISTED LIVING FACILITY
Lillian'S Loving Care,32,"3736 TURNPIKE ROAD,",Portsmouth,VA,23701,8/31/21,ASSISTED LIVING FACILITY
Harbor'S Edge,60,"ONE COLLEY AVENUE,",Norfolk,VA,23510,8/31/21,ASSISTED LIVING FACILITY
Commonwealth Senior Living At Georgian Manor,80,"651 RIVER WALK PARKWAY,",Chesapeake,VA,23320,8/31/21,ASSISTED LIVING FACILITY
Liza'S Residential Care,8,"5084 LANGSTON COURT,",Virginia Beach,VA,23464,8/31/21,ASSISTED LIVING FACILITY
Brookdale Virginia Beach,60,"937 DIAMOND SPRINGS ROAD,",Virginia Beach,VA,23455,8/31/21,ASSISTED LIVING FACILITY
Atria Virginia Beach,153,"1628 OLD DONATION PARKWAY,",Virginia Beach,VA,23454,8/31/21,ASSISTED LIVING FACILITY
Pruden Place,8,"1535 MARSHALL AVENUE,",Portsmouth,VA,23704,8/31/21,ASSISTED LIVING FACILITY
Pritchard Road Assisted Living,11,"206 PRITCHARD ROAD,",Virginia Beach,VA,23452,8/31/21,ASSISTED LIVING FACILITY
Commonwealth Senior Living At The Ballentine,88,"7211 GRANBY STREET,",Norfolk,VA,23505,8/31/21,ASSISTED LIVING FACILITY
The Gardens Of Virginia Beach,122,"5620 WESLEYAN DRIVE,",Virginia Beach,VA,23455,8/31/21,ASSISTED LIVING FACILITY
Parsons Residential Care Center,60,"1005 DEEP CREEK BOULEVARD,",Chesapeake,VA,23323,8/31/21,ASSISTED LIVING FACILITY
The Waterford At Virginia Beach,138,"5417 WESLEYAN DRIVE,",Virginia Beach,VA,23455,8/31/21,ASSISTED LIVING FACILITY
Harmony At Independence,89,"2077 SOUTH INDEPENDENCE BOULEVARD,",Virginia Beach,VA,23453,8/31/21,ASSISTED LIVING FACILITY
Bickford Of Suffolk,74,"6860 HARBOUR VIEW BOULEVARD,",Suffolk,VA,23435,8/31/21,ASSISTED LIVING FACILITY
"Tidewater Cove, Operated By Western Tidewater Csb",80,"2536 EAST WASHINGTON STREET,",Suffolk,VA,23434,8/31/21,ASSISTED LIVING FACILITY
Harmony At Oakbrooke,125,"301 CLEARFIELD AVENUE,",Chesapeake,VA,23320,8/31/21,ASSISTED LIVING FACILITY
Commonwealth Senior Living At The Eastern Shore,80,"23610 NORTH STREET,",Onancock,VA,23417,8/31/21,ASSISTED LIVING FACILITY
Indian River Assisted Living,110,"1012 JUSTIS STREET,",Chesapeake,VA,23325,8/31/21,ASSISTED LIVING FACILITY
Harmony At Harbour View,110,"5871 HARBOUR VIEW BOULEVARD,",Suffolk,VA,23435,8/31/21,ASSISTED LIVING FACILITY
Commonwealth Memory Care At Chesapeake,73,"130 GREAT BRIDGE BOULEVARD,",Chesapeake,VA,23320,8/31/21,ASSISTED LIVING FACILITY
Bickford Of Virginia Beach,74,"2629 PRINCESS ANNE ROAD,",Virginia Beach,VA,23456,8/31/21,ASSISTED LIVING FACILITY
Accordius Health At Nans Al Llc,34,"200 WEST CONSTANCE ROAD,",Suffolk,VA,23434,8/31/21,ASSISTED LIVING FACILITY
Commonwealth Senior Living At Cedar Manor,70,"1324 CEDAR ROAD,",Chesapeake,VA,23222,8/31/21,ASSISTED LIVING FACILITY
The Villages Of Rosemont,80,"3751 SENTARA WAY,",Virginia Beach,VA,23454,8/31/21,ASSISTED LIVING FACILITY
Chesapeake Place,153,"1500 & 1508 VOLVO PARKWAY,",Chesapeake,VA,23320,8/31/21,ASSISTED LIVING FACILITY
Arden Courts Of Virginia Beach,72,"1853 OLD DONATION PARKWAY,",Virginia Beach,VA,23454,8/31/21,ASSISTED LIVING FACILITY
Mayfair House,55,"901 ENTERPRISE WAY,",Portsmouth,VA,23704,8/31/21,ASSISTED LIVING FACILITY
Vinson Hall,300,"6251 OLD DOMINION DR.,",Mc Lean,VA,22101,8/31/21,ASSISTED LIVING FACILITY
Hermitage Northern Virginia,200,"5000 FAIRBANKS AVENUE,",Alexandria,VA,22311,8/31/21,ASSISTED LIVING FACILITY
Goodwin House Alexandria,250,"4800 FILLMORE AVE,",Alexandria,VA,22311,8/31/21,ASSISTED LIVING FACILITY
North Fillmore Street,7,"1422 N. FILLMORE STREET,",Arlington,VA,22201,8/31/21,ASSISTED LIVING FACILITY
Goodwin House Bailey'S Crossroads,500,"3440 SOUTH JEFFERSON STREET,",Falls Church,VA,22041,8/31/21,ASSISTED LIVING FACILITY
Paul Spring Independent And Assisted Living Community,190,"7116 FORT HUNT ROAD,",Alexandria,VA,22307,8/31/21,ASSISTED LIVING FACILITY
North 13Th Street,8,"3824 NORTH 13TH STREET,",Arlington,VA,22201,8/31/21,ASSISTED LIVING FACILITY
The Lincolnian Senior Residences,52,"4710 N. CHAMBLISS STREET,",Alexandria,VA,22312,8/31/21,ASSISTED LIVING FACILITY
Heatherwood Independent And Assisted Living,150,"9642 BURKE LAKE ROAD,",Burke,VA,22015,8/31/21,ASSISTED LIVING FACILITY
Arleigh Burke Pavilion,32,"1739 KIRBY ROAD,",Mc Lean,VA,22101,8/31/21,ASSISTED LIVING FACILITY
Tall Oaks Assisted Living,165,"12052 N. SHORE DRIVE,",Reston,VA,20190,8/31/21,ASSISTED LIVING FACILITY
The Johnson Center At Falcons Landing,17,"20535 EARHART PLACE,",Potomac Falls,VA,20165,8/31/21,ASSISTED LIVING FACILITY
Avalon House On Gerard Court,8,"6442 GERARD COURT,",Falls Church,VA,22043,8/31/21,ASSISTED LIVING FACILITY
Avalon House In Mclean,8,"1503 OAKVIEW DRIVE,",Mc Lean,VA,22101,8/31/21,ASSISTED LIVING FACILITY
Aarondale Retirement & Assisted Living Community,90,"6929 MATTHEW PLACE,",Springfield,VA,22151,8/31/21,ASSISTED LIVING FACILITY
Avalon House On Woodacre Drive,8,"1505 WOODACRE DRIVE,",Mc Lean,VA,22101,8/31/21,ASSISTED LIVING FACILITY
Sunrise Assisted Living At Reston Town Center,107,"1778 FOUNTAIN DRIVE,",Reston,VA,20190,8/31/21,ASSISTED LIVING FACILITY
Stevenson Place,37,"4113 STEVENSON STREET,",Fairfax,VA,22030,8/31/21,ASSISTED LIVING FACILITY
Culpepper Garden Iii Inc,146,"4439 N. PERSHING DRIVE,",Arlington,VA,22203,8/31/21,ASSISTED LIVING FACILITY
Avalon House On High Street,8,"6712 HIGH STREET,",Falls Church,VA,22046,8/31/21,ASSISTED LIVING FACILITY
The Gardens At Fair Oaks,125,"4310 FOREST HILL DRIVE,",Fairfax,VA,22030,8/31/21,ASSISTED LIVING FACILITY
Sunrise Assisted Living At Fair Oaks,112,"3750 JOSEPH SIEWICK DRIVE,",Fairfax,VA,22033,8/31/21,ASSISTED LIVING FACILITY
Greenspring Village,227,"7470 SPRING VILLAGE DR,",Springfield,VA,22150,8/31/21,ASSISTED LIVING FACILITY
Sunrise At Hunter Mill,100,"2863 HUNTER MILL ROAD,",Oakton,VA,22124,8/31/21,ASSISTED LIVING FACILITY
Sunrise At Mount Vernon,112,"8033 HOLLAND ROAD,",Alexandria,VA,22306,8/31/21,ASSISTED LIVING FACILITY
The Sylvestery,36,"1728 KIRBY ROAD,",Mc Lean,VA,22101,8/31/21,ASSISTED LIVING FACILITY
Sunrise Assisted Living Of Mclean,120,"8315 TURNING LEAF LANE,",Mclean,VA,22102,8/31/21,ASSISTED LIVING FACILITY
Home Eldercare,8,"10704 ORCHARD STREET,",Fairfax,VA,22030,8/31/21,ASSISTED LIVING FACILITY
Avalon House On Cawdor Court,8,"8103 CAWDOR COURT,",Mclean,VA,22102,8/31/21,ASSISTED LIVING FACILITY
"Crystal Gardens Assisted Living, Llc",8,"6712 BOSTWICK DRIVE,",Springfield,VA,22151,8/31/21,ASSISTED LIVING FACILITY
Tysons Woods Assisted Living,8,"2248 CENTRAL AVENUE,",Vienna,VA,22182,8/31/21,ASSISTED LIVING FACILITY
The Residences At Lynn House,12,"4400 W. BRADDOCK ROAD,",Alexandria,VA,22304,8/31/21,ASSISTED LIVING FACILITY
Emilia Assisted Living Home,8,"5501 BROOKLAND ROAD,",Alexandria,VA,22310,8/31/21,ASSISTED LIVING FACILITY
Lovettsville Home Assisted Living,8,"39196 RODEFFER ROAD,",Lovettsville,VA,20180,8/31/21,ASSISTED LIVING FACILITY
West Falls Center At Falcons Landing,60,"46661 ALGONKIAN PARKWAY,",Potomac Falls,VA,20165,8/31/21,ASSISTED LIVING FACILITY
Avalon House On Hardwood Lane,8,"1518 HARDWOOD LANE,",Mc Lean,VA,22101,8/31/21,ASSISTED LIVING FACILITY
Spring Hills Mount Vernon,98,"3709 SHANNONS GREEN WAY,",Alexandria,VA,22309,8/31/21,ASSISTED LIVING FACILITY
"Crystal Gardens Assisted Living Ii, Llc",8,"7402 GRESHAM STREET,",Springfield,VA,22151,8/31/21,ASSISTED LIVING FACILITY
Chesterbrook Residences,109,"2030 WESTMORELAND STREET,",Falls Church,VA,22043,8/31/21,ASSISTED LIVING FACILITY
Arden Courts Of Annandale,60,"7104 BRADDOCK ROAD,",Annandale,VA,22003,8/31/21,ASSISTED LIVING FACILITY
Arden Courts Of Fair Oaks,56,"12469 LEE JACKSON MEMORIAL HIGHWAY,",Fairfax,VA,22033,8/31/21,ASSISTED LIVING FACILITY
Keough Senior Living,8,"4308 LEES CORNER ROAD,",Chantilly,VA,20151,8/31/21,ASSISTED LIVING FACILITY
Emilia Assisted Living Of Ashlawn Court,8,"6533 ASHLAWN COURT,",Springfield,VA,22150,8/31/21,ASSISTED LIVING FACILITY
Avalon House On Woodland Drive,8,"6809 WOODLAND DRIVE,",Falls Church,VA,22046,8/31/21,ASSISTED LIVING FACILITY
Meadow Glen Of Leesburg,40,"315 DRY MILL ROAD,",Leesburg,VA,20175,8/31/21,ASSISTED LIVING FACILITY
Braddock Glen,79,"4027 OLLEY LANE,",Fairfax,VA,22032,8/31/21,ASSISTED LIVING FACILITY
Great Falls Assisted Living,64,"1121 RESTON AVENUE,",Herndon,VA,20170,8/31/21,ASSISTED LIVING FACILITY
Avalon House On Gelston Circle,8,"1011 GELSTON CIRCLE,",Mc Lean,VA,22102,8/31/21,ASSISTED LIVING FACILITY
Spring Arbor Of Leesburg,97,"237 FAIRVIEW STREET, N.W.,",Leesburg,VA,20176,8/31/21,ASSISTED LIVING FACILITY
Mary Marshall Assisted Living Residence,52,"2000 5TH STREET, SOUTH,",Arlington,VA,22204,8/31/21,ASSISTED LIVING FACILITY
"Vienna Manor I, Llc",8,"2151 CHAIN BRIDGE ROAD,",Vienna,VA,22182,8/31/21,ASSISTED LIVING FACILITY
Avalon House On Laburnum Street,8,"1453 LABURNUM STREET,",Mc Lean,VA,22101,8/31/21,ASSISTED LIVING FACILITY
Tysons Woods On Electric Avenue,8,"8514 ELECTRIC AVENUE,",Vienna,VA,22182,8/31/21,ASSISTED LIVING FACILITY
"Ashby Ponds, Inc.",140,"21160 MAPLE BRANCH TERRACE,",Ashburn,VA,20147,8/31/21,ASSISTED LIVING FACILITY
Larmax Homes - 8333 Lewinsville,8,"8333 LEWINSVILLE ROAD,",Mc Lean,VA,22102,8/31/21,ASSISTED LIVING FACILITY
Larmax Homes - 8337 Lewinsville,8,"8337 LEWINSVILLE ROAD,",Mc Lean,VA,22102,8/31/21,ASSISTED LIVING FACILITY
Vitality Living Arlington,200,"3821 WILSON BOULEVARD,",Arlington,VA,22203,8/31/21,ASSISTED LIVING FACILITY
Brightview Great Falls,94,"10200 COLVIN RUN ROAD,",Great Falls,VA,22066,8/31/21,ASSISTED LIVING FACILITY
The Fountains At Washington House,215,"5100 FILLMORE AVENUE,",Alexandria,VA,22311,8/31/21,ASSISTED LIVING FACILITY
Brightview Woodburn,104,"3450 GALLOWS ROAD,",Annandale,VA,22003,8/31/21,ASSISTED LIVING FACILITY
"Vienna Manor Ii, Llc",8,"1914 HORSESHOE DRIVE,",Vienna,VA,22182,8/31/21,ASSISTED LIVING FACILITY
Cobbdale Assisted Living,8,"3503 BURROWS AVENUE,",Fairfax,VA,22030,8/31/21,ASSISTED LIVING FACILITY
Ashleigh At Lansdowne,140,"44124 WOODRIDGE PARKWAY,",Leesburg,VA,20176,8/31/21,ASSISTED LIVING FACILITY
Harmony At Chantilly,70,"2980 CENTREVILLE ROAD,",Herndon,VA,20171,8/31/21,ASSISTED LIVING FACILITY
Arbor Terrace Fairfax,54,"3925 DOWNS DRIVE,",Chantilly,VA,20151,8/31/21,ASSISTED LIVING FACILITY
The Kensington Falls Church,131,"700 W. BROAD STREET,",Falls Church,VA,22046,8/31/21,ASSISTED LIVING FACILITY
Macklin Home,8,"9417 MACKLIN COURT,",Alexandria,VA,22309,8/31/21,ASSISTED LIVING FACILITY
Larmax Homes - 8341 Lewinsville,8,"8341 LEWINSVILLE ROAD,",Mc Lean,VA,22102,8/31/21,ASSISTED LIVING FACILITY
"Tribute At One Loudoun, Llc",154,"20335 SAVIN HILL DRIVE,",Ashburn,VA,20147,8/31/21,ASSISTED LIVING FACILITY
Poet'S Walk Leesburg,68,"102 DESMOND PLAZA SE,",Leesburg,VA,20175,8/31/21,ASSISTED LIVING FACILITY
Brandywine Senior Living At Alexandria,127,"5550 CARDINAL PLACE,",Alexandria,VA,22304,8/31/21,ASSISTED LIVING FACILITY
"Vienna Manor Iii, Llc",8,"10137 PALMER DRIVE,",Oakton,VA,22124,8/31/21,ASSISTED LIVING FACILITY
Harmony At Spring Hill,117,"8350 MOUNTAIN LARKSPUR DRIVE,",Fairfax,VA,22079,8/31/21,ASSISTED LIVING FACILITY
Waltonwood Ashburn,150,"44145 RUSSELL BRANCH PARKWAY,",Ashburn,VA,20147,8/31/21,ASSISTED LIVING FACILITY
Silverado Alexandria,66,"2807 KING STREET,",Alexandria,VA,22302,8/31/21,ASSISTED LIVING FACILITY
Beverly Assisted Living,8,"3408 BEVERLY DRIVE,",Annandale,VA,22003,8/31/21,ASSISTED LIVING FACILITY
Avalon House On Dominion Crest Lane,8,"1804 DOMINION CREST LANE,",Mc Lean,VA,22101,8/31/21,ASSISTED LIVING FACILITY
The Jefferson,75,"900 NORTH TAYLOR STREET,",Arlington,VA,22203,8/31/21,ASSISTED LIVING FACILITY
Renaissance Of Annandale,64,"7112 BRADDOCK ROAD,",Annandale,VA,22003,8/31/21,ASSISTED LIVING FACILITY
The Virginian,350,"9229 ARLINGTON BOULEVARD,",Fairfax,VA,22031,8/31/21,ASSISTED LIVING FACILITY
Hunters Woods At Trails Edge,124,"2222 COLTS NECK ROAD,",Reston,VA,20191,8/31/21,ASSISTED LIVING FACILITY
Sunrise At Silas Burke House,105,"9619 BURKE LAKE ROAD,",Burke,VA,22015,8/31/21,ASSISTED LIVING FACILITY
Sunrise Of Springfield,100,"6541 FRANCONIA ROAD,",Springfield,VA,22150,8/31/21,ASSISTED LIVING FACILITY
"Vienna Manor Iv, Llc",8,"3903 ESTEL ROAD,",Fairfax,VA,22031,8/31/21,ASSISTED LIVING FACILITY
Sunrise Of Alexandria,110,"3520 DUKE STREET,",Alexandria,VA,22304,8/31/21,ASSISTED LIVING FACILITY
"Lansdowne Heights, Llc",68,"19520 SANDRIDGE WAY,",Leesburg,VA,20176,8/31/21,ASSISTED LIVING FACILITY
Reflections-A Senior Living Community,42,"246 WEST MARKET STREET,",Leesburg,VA,20176,8/31/21,ASSISTED LIVING FACILITY
Greenbrier Assisted Living,8,"8204 MADRILLON ESTATES DRIVE,",Vienna,VA,22182,8/31/21,ASSISTED LIVING FACILITY
Beverly Assisted Living,8,"7816 TRAMMELL ROAD,",Annandale,VA,22003,8/31/21,ASSISTED LIVING FACILITY
Belvoir Woods Health Care Center At The Fairfax,96,"9160 BELVOIR WOODS PARKWAY,",Fort Belvoir,VA,22060,8/31/21,ASSISTED LIVING FACILITY
"Paragon Assisted Living Mclean, Llc",8,"1612 BROOKSIDE RD,",Mc Lean,VA,22101,8/31/21,ASSISTED LIVING FACILITY
"Paragon Assisted Living Falls Church, Llc",8,"3236 LOCKER STREET,",Falls Church,VA,22042,8/31/21,ASSISTED LIVING FACILITY
Leewood Healthcare Center,40,"7120 BRADDOCK ROAD,",Annandale,VA,22003,8/31/21,ASSISTED LIVING FACILITY
The Providence Of Fairfax,175,"9490 SPRAGUE AVENUE,",Fairfax,VA,22031,8/31/21,ASSISTED LIVING FACILITY
Avalon House On Dolley Madison,8,"829 DOLLEY MADISON BOULEVARD,",Mc Lean,VA,22101,8/31/21,ASSISTED LIVING FACILITY
Morningside House Of Leesburg,77,"316 HARRISON HARRISON STREET,",Leesburg,VA,20175,8/31/21,ASSISTED LIVING FACILITY
The Kensington Reston,97,"11501 SUNRISE VALLEY DRIVE,",Reston,VA,20191,8/31/21,ASSISTED LIVING FACILITY
Sunrise Of Falls Church,69,"330 NORTH WASHINGTON STREET,",Falls Church,VA,22046,8/31/21,ASSISTED LIVING FACILITY
Sunrise At Countryside,130,"45800 JONA DRIVE,",Sterling,VA,20165,8/31/21,ASSISTED LIVING FACILITY
Sunrise Of Arlington,60,"2000 NORTH GLEBE ROAD,",Arlington,VA,22207,8/31/21,ASSISTED LIVING FACILITY
Sunrise At Bluemont Park,250,"5910 WILSON BOULEVARD,",Arlington,VA,22205,8/31/21,ASSISTED LIVING FACILITY
Sunrise Of Old Town,115,"400 N.WASHINGTON STREET,",Alexandria,VA,22314,8/31/21,ASSISTED LIVING FACILITY
Pacifica Senior Living Sterling,80,"46555 HARRY BYRD HIGHWAY,",Sterling,VA,20164,8/31/21,ASSISTED LIVING FACILITY
The Culpeper,123,"12425 VILLAGE LOOP,",Culpeper,VA,22701-4375,8/31/21,ASSISTED LIVING FACILITY
Marian Manor Of Stafford,39,"177 OLD POTOMAC CHURCH ROAD,",Stafford,VA,22554-7258,8/31/21,ASSISTED LIVING FACILITY
Caton Merchant House,125,"9201 PORTNER AVENUE,",Manassas,VA,20110-5055,8/31/21,ASSISTED LIVING FACILITY
Hughes Home,110,"100 CAROLINE STREET,",Fredericksburg,VA,22401-6104,8/31/21,ASSISTED LIVING FACILITY
Potomac Place,148,"2133 MONTGOMERY PLACE,",Woodbridge,VA,22191-2655,8/31/21,ASSISTED LIVING FACILITY
Westminster At Lake Ridge,46,"12185 CLIPPER DRIVE,",Lake Ridge,VA,22192-2236,8/31/21,ASSISTED LIVING FACILITY
The Aurora Home Inc.,6,"14605 AURORA DRIVE,",Woodbridge,VA,22193-1231,8/31/21,ASSISTED LIVING FACILITY
District Home Assisted Living At Birmingham Green,64,"8605 CENTREVILLE ROAD,",Manassas,VA,20110-5265,8/31/21,ASSISTED LIVING FACILITY
Brookdale Lake Ridge,107,"3940 PRINCE WILLIAM PARKWAY,",Woodbridge,VA,22192-4513,8/31/21,ASSISTED LIVING FACILITY
Our Father'S House Christian Home,23,"15261 JUBILEE ROAD,",Culpeper,VA,22701-4501,8/31/21,ASSISTED LIVING FACILITY
Blue Ridge Christian Homes,36,"7034 CATLETT ROAD,",Bealeton,VA,22712-7700,8/31/21,ASSISTED LIVING FACILITY
Aspen Hill Assisted Living,8,"12395 FOREST HILL ROAD,",Woodbridge,VA,22192-2015,8/31/21,ASSISTED LIVING FACILITY
Jackson House Assisted Living Corporation,8,"8 JACKSON LANE,",Boston,VA,22713-1720,8/31/21,ASSISTED LIVING FACILITY
Golden Years And More,8,"13114 CANOVA DRIVE,",Manassas,VA,20112-7840,8/31/21,ASSISTED LIVING FACILITY
Birmingham Green Adult Care Residence - Willow Oaks,107,"7080 BROOKS FARM ROAD,",Mechanicsville,VA,23111,8/31/21,ASSISTED LIVING FACILITY
Harmony At Falls Run,100,"60 BRIMLEY DRIVE,",Fredericksburg,VA,22406,8/31/21,ASSISTED LIVING FACILITY
Greenfield Assisted Living Of Spotsylvania,66,"9300 ONYX COURT,",Fredericksburg,VA,22407,8/31/21,ASSISTED LIVING FACILITY
Spring Arbor Of Fredericksburg,100,"5308 RIVER ROAD,",Fredericksburg,VA,22407,8/31/21,ASSISTED LIVING FACILITY
The Villa At Suffield Meadows,72,"6735 SUFFIELD LANE,",Warrenton,VA,20187,8/31/21,ASSISTED LIVING FACILITY
Aspen Hill At Harbor Place,6,"12628 HARBOR DRIVE,",Woodbridge,VA,22192,8/31/21,ASSISTED LIVING FACILITY
Love 'Em Care,6,"14441 COLONY CREEK COURT,",Woodbridge,VA,22193,8/31/21,ASSISTED LIVING FACILITY
Russell Road Assisted Living Facility,8,"3802 RUSSELL ROAD,",Woodbridge,VA,22192,8/31/21,ASSISTED LIVING FACILITY
Poet'S Walk Fredericksburg,70,"3020 GORDON W. SHELTON BLVD.,",Fredericksburg,VA,22401,8/31/21,ASSISTED LIVING FACILITY
Arbor Terrace Sudley Manor,82,"7750 GARNER DRIVE,",Manassas,VA,20109,8/31/21,ASSISTED LIVING FACILITY
Bickford Of Spotsylvania,74,"5000 SPOTSYLVANIA PARKWAY,",Fredericksburg,VA,22407,8/31/21,ASSISTED LIVING FACILITY
Fredericksburg Assisted Living,19,"3902 PLANK ROAD,",Fredericksburg,VA,22407,8/31/21,ASSISTED LIVING FACILITY
Fox Trail Senior Living At Manassas,23,"10140 HASTINGS DRIVE,",Manassas,VA,20110,8/31/21,ASSISTED LIVING FACILITY
Tribute At The Glen,152,"4151 OLD BRIDGE ROAD,",Woodbridge,VA,22192,8/31/21,ASSISTED LIVING FACILITY
"Poets Walk Warrenton, Legal Name: Njtellc",68,"33 WOODLANDS WAY,",Warrenton,VA,20186,8/31/21,ASSISTED LIVING FACILITY
Harbor Chase Of Prince William Commons,157,"14080 CENTRAL LOOP,",Woodbridge,VA,22193,8/31/21,ASSISTED LIVING FACILITY
Paramount Senior Living At Manassas,125,"8341 BARRETT DRIVE,",Manassas,VA,20109,8/31/21,ASSISTED LIVING FACILITY
Paramount Senior Living At Fredericksburg,196,"3500 MEEKINS DRIVE,",Fredericksburg,VA,22407,8/31/21,ASSISTED LIVING FACILITY
Heritage Village Assisted Living And Memory Care,152,"13650 HEATHCOTE BOULEVARD,",Gainesville,VA,20155,8/31/21,ASSISTED LIVING FACILITY
"Desired Living Home Care, Llc",8,"603 MONTROSE DRIVE,",Fredericksburg,VA,22407,8/31/21,ASSISTED LIVING FACILITY
The Wellington At Lake Manassas,140,"7820 BALTUSROL BLVD,",Gainesville,VA,20155,8/31/21,ASSISTED LIVING FACILITY
Camellia Colony Of Chancellor'S Village,45,"12100 CHANCELLOR'S VILLAGE,",Fredericksburg,VA,22407,8/31/21,ASSISTED LIVING FACILITY
Commonwealth Senior Living At Stafford,62,"30 KINGS CREST DRIVE,",Stafford,VA,22554,8/31/21,ASSISTED LIVING FACILITY
Commonwealth Senior Living At Fredericksburg,38,"1001 NORTHSIDE DRIVE,",Fredericksburg,VA,22405,8/31/21,ASSISTED LIVING FACILITY
Heartfields At Fredericksburg,99,"20 HEARTFIELDS LANE,",Fredericksburg,VA,22405,8/31/21,ASSISTED LIVING FACILITY
Legacy Ridge Memory Care Community,72,"16001 LOVES MILL LANE,",Gainesville,VA,20155,8/31/21,ASSISTED LIVING FACILITY
Evermore Senior Living,8,"4358 PRINCE WILLIAM PARKWAY,",Woodbridge,VA,22192,8/31/21,ASSISTED LIVING FACILITY
"White Springs Senior Living, Llc",100,"349 LEGION DRIVE,",Warrenton,VA,20186,8/31/21,ASSISTED LIVING FACILITY
Cardinal Village,68,"4621 SPOTSYLVANIA PARKWAY,",Fredericksburg,VA,22408,8/31/21,ASSISTED LIVING FACILITY
Noble Senior Living At Culpeper,23,"215 SOUTHRIDGE PARKWAY,",Culpeper,VA,22701,8/31/21,ASSISTED LIVING FACILITY
Noble Senior Living At Warrenton,41,"239 ALEXANDRIA PIKE,",Warrenton,VA,20186,8/31/21,ASSISTED LIVING FACILITY
Spring Arbor Cottage Of Fredericksburg,40,"1804 BRAGG ROAD,",Fredericksburg,VA,22407,8/31/21,ASSISTED LIVING FACILITY
Westminster Canterbury Of Lynchburg,78,"501 V.E.S. ROAD,",Lynchburg,VA,24503,8/31/21,ASSISTED LIVING FACILITY
Chastain Home For Gentlewomen,9,"370 MOUNTAIN RD.,",Halifax,VA,24558,8/31/21,ASSISTED LIVING FACILITY
Williams Home Incorporated,38,"1201 LANGHORNE ROAD,",Lynchburg,VA,24503,8/31/21,ASSISTED LIVING FACILITY
"Friendship Assisted Living, Inc.",120,"320 HERSHBERGER ROAD,",Roanoke,VA,24012,8/31/21,ASSISTED LIVING FACILITY
Hairston Home For Adults,38,"601 ARMSTEAD AVE,",Martinsville,VA,24112,8/31/21,ASSISTED LIVING FACILITY
Hermitage Roanoke,120,"1009 OLD COUNTRY CLUB ROAD, N.W.,",Roanoke,VA,24017,8/31/21,ASSISTED LIVING FACILITY
Harmony Hall Assisted Living Facility,50,"4153 FAIRYSTONE PARK HIGHWAY,",Bassett,VA,24055,8/31/21,ASSISTED LIVING FACILITY
Highland House,30,"3501 LONGDALE FURNACE ROAD,",Clifton Forge,VA,24422,8/31/21,ASSISTED LIVING FACILITY
The Mayflower,39,"409 SOUTH MAIN STREET,",Lexington,VA,24450,8/31/21,ASSISTED LIVING FACILITY
"Babcock Manor, Inc.",33,"STATE ROUTE 691,",Appomattox,VA,24522,8/31/21,ASSISTED LIVING FACILITY
Restin South,12,"6347 CROWELL GAP ROAD,",Roanoke,VA,24014,8/31/21,ASSISTED LIVING FACILITY
Candis Assisted Living,17,"1619 HANOVER AVE,",Roanoke,VA,24017,8/31/21,ASSISTED LIVING FACILITY
Pinecrest Adult Home,54,"709 RIVER RIDGE ROAD,",Danville,VA,24541,8/31/21,ASSISTED LIVING FACILITY
Our Lady Of The Valley,105,"650 N. JEFFERSON ST,",Roanoke,VA,24016,8/31/21,ASSISTED LIVING FACILITY
Cana Adult Home,24,"2004 WARDS GAP ROAD,",Cana,VA,24317,8/31/21,ASSISTED LIVING FACILITY
Brandon Oaks,80,"3804 BRANDON AVENUE SW,",Roanoke,VA,24018,8/31/21,ASSISTED LIVING FACILITY
Kings Grant Retirement Community-Craig Assisted Living,85,"350 KINGS WAY RD.,",Martinsville,VA,24112-6631,8/31/21,ASSISTED LIVING FACILITY
The Oaks At Richfield,80,"3706 KNOLLRIDGE RD,",Salem,VA,24153,8/31/21,ASSISTED LIVING FACILITY
Valley View Retirement Community,40,"1213 LONG MEADOWS DRIVE,",Lynchburg,VA,24502,8/31/21,ASSISTED LIVING FACILITY
Virginia'S Residential & Assisted Living,27,"1205 MOORMAN RD. NW,",Roanoke,VA,24017,8/31/21,ASSISTED LIVING FACILITY
Joseph C. Thomas Center,87,"3939 DAUGHERTY ROAD,",Salem,VA,24153,8/31/21,ASSISTED LIVING FACILITY
Brookdale Danville Piedmont,99,"149 EXECUTIVE COURT,",Danville,VA,24541,8/31/21,ASSISTED LIVING FACILITY
Blue Ridge Christian Home,20,"85 BEULAH DRIVE,",Raphine,VA,24472,8/31/21,ASSISTED LIVING FACILITY
Kendal At Lexington Webster Center,20,"160 KENDAL DRIVE,",Lexington,VA,24450,8/31/21,ASSISTED LIVING FACILITY
Runk & Pratt Of Forest,84,"208 GRISTMILL DRIVE,",Forest,VA,24551,8/31/21,ASSISTED LIVING FACILITY
Virginia Veterans Care Center,28,"4550 SHENANDOAH AVE.,",Roanoke,VA,24017,8/31/21,ASSISTED LIVING FACILITY
The Glebe,84,"200 THE GLEBE BOULEVARD,",Daleville,VA,24083,8/31/21,ASSISTED LIVING FACILITY
Magnolia Ridge Alf,34,"1007 AMHERST STREET, SW,",Roanoke,VA,24015,8/31/21,ASSISTED LIVING FACILITY
Cave Creek Alf,55,"8088 LEE HIGHWAY,",Troutville,VA,24175,8/31/21,ASSISTED LIVING FACILITY
Brookdale Roanoke,56,"1127 PERSINGER ROAD, S.W.,",Roanoke,VA,24015,8/31/21,ASSISTED LIVING FACILITY
Brookdale Salem,90,"2001 RIDGEWOOD DRIVE,",Salem,VA,24153,8/31/21,ASSISTED LIVING FACILITY
Red Oak Manor,72,"18360 VIRGIL GOODE HIGHWAY,",Rocky Mount,VA,24151,8/31/21,ASSISTED LIVING FACILITY
Summit Assisted Living,50,"1320 ENTERPRISE DRIVE,",Lynchburg,VA,24502,8/31/21,ASSISTED LIVING FACILITY
Jeanne'S Elderly Care,8,"1682 MONTEREY ROAD,",Roanoke,VA,24019,8/31/21,ASSISTED LIVING FACILITY
Smith Mountain Lake Retirement Village,115,"115 RETIREMENT DRIVE,",Hardy,VA,24101,8/31/21,ASSISTED LIVING FACILITY
Second Chance,11,"524 PISGAH CHURCH ROAD,",Rice,VA,23966,8/31/21,ASSISTED LIVING FACILITY
Carriage Hill Retirement,140,"1203 ROUNDTREE DRIVE,",Bedford,VA,24523,8/31/21,ASSISTED LIVING FACILITY
The Harmony Collection At Roanoke Independent Living,127,"4428 PHEASANT RIDGE ROAD,",Roanoke,VA,24014,8/31/21,ASSISTED LIVING FACILITY
Salem Terrace At Harrogate,90,"1851 HARROGATE DRIVE,",Salem,VA,24153,8/31/21,ASSISTED LIVING FACILITY
Bentley Commons At Lynchburg,135,"1604 GRAVES MILL ROAD,",Lynchburg,VA,24502,8/31/21,ASSISTED LIVING FACILITY
North Roanoke Assisted Living,225,"6910 WILLIAMSON ROAD,",Roanoke,VA,24019,8/31/21,ASSISTED LIVING FACILITY
Pheasant Ridge Senior Living (Operated By Pheasant Ridge Operati,130,"4435 PHEASANT RIDGE ROAD SW,",Roanoke,VA,24014,8/31/21,ASSISTED LIVING FACILITY
Hope Haven,8,"24532 PRINCE EDWARD HIGHWAY,",Rice,VA,23966,8/31/21,ASSISTED LIVING FACILITY
Commonwealth Senior Living At South Boston,87,"435 HAMILTON BOULEVARD,",South Boston,VA,24592,8/31/21,ASSISTED LIVING FACILITY
"Banister Residential Care Facility, Inc.",15,"1017 BETHEL ROAD,",Halifax,VA,24558,8/31/21,ASSISTED LIVING FACILITY
Evergreen Assisted Living Community,5,"1437 PETER'S CREEK ROAD, NW,",Roanoke,VA,24017,8/31/21,ASSISTED LIVING FACILITY
Runk And Pratt At Liberty Ridge,204,"30 MONICA BLVD.,",Lynchburg,VA,24502,8/31/21,ASSISTED LIVING FACILITY
The Elms Of Lynchburg,61,"2249 MURRELL ROAD,",Lynchburg,VA,24501,8/31/21,ASSISTED LIVING FACILITY
Havenwood,10,"50 HAVENWOOD DRIVE,",Lexington,VA,24450,8/31/21,ASSISTED LIVING FACILITY
Brandon Oaks Intensive Assisted Living,43,"3837 BRANDON AVENUE,",Roanoke,VA,24018,8/31/21,ASSISTED LIVING FACILITY
Starling View Manor #1,8,"301 STARLING AVENUE,",Martinsville,VA,24112,8/31/21,ASSISTED LIVING FACILITY
Meadow Hills Assisted Living Facility,30,"5046 WILLIAMSON ROAD,",Roanoke,VA,24012,8/31/21,ASSISTED LIVING FACILITY
Bright Leaf Place,120,"432 HERMITAGE DRIVE,",Danville,VA,24541,8/31/21,ASSISTED LIVING FACILITY
Cave Spring Place,118,"3585 BRAMBLETON AVENUE,",Roanoke,VA,24018,8/31/21,ASSISTED LIVING FACILITY
Commonwealth Senior Living At Stratford House,68,"1111 MAIN STREET,",Danville,VA,24541,8/31/21,ASSISTED LIVING FACILITY
Cardinal Senior Communities,57,"1350 LONGWOOD AVENUE,",Bedford,VA,24523,8/31/21,ASSISTED LIVING FACILITY
Carrington Cottage Memory Care Center,88,"270 COMMONS PARKWAY,",Daleville,VA,24083,8/31/21,ASSISTED LIVING FACILITY
The Harmony Collection At Roanoke Memory Care,64,"4414 PHEASANT RIDGE ROAD,",Roanoke,VA,24014,8/31/21,ASSISTED LIVING FACILITY
Liberty Ridge Memory Support - Pearls Of Life,84,"107 MONICA BLVD.,",Lynchburg,VA,24502,8/31/21,ASSISTED LIVING FACILITY
Fork Mountain Adult Home,39,"2925 FORK MOUNTAIN ROAD,",Rocky Mount,VA,24151,8/31/21,ASSISTED LIVING FACILITY
"Tlc Adult Home, Inc.",10,"880 LILLIAN NAFF DRIVE,",Henry,VA,24102,8/31/21,ASSISTED LIVING FACILITY
Runk & Pratt Residential Adult Care Of Lynchburg,94,"20212 LEESVILLE ROAD,",Lynchburg,VA,24502,8/31/21,ASSISTED LIVING FACILITY
Heritage Green Assisted Living Communities,124,"201 & 202 LILLIAN LANE,",Lynchburg,VA,24502,8/31/21,ASSISTED LIVING FACILITY
Town Creek Assisted Living Facility,62,"393 FRONT STREET,",Lovingston,VA,22949,8/31/21,ASSISTED LIVING FACILITY
The Landmark Center,75,"227 LANDMARK DRIVE,",Stuart,VA,24171,8/31/21,ASSISTED LIVING FACILITY
Mulberry Creek Assisted Living,60,"400 BLUE RIDGE STREET,",Martinsville,VA,24112,8/31/21,ASSISTED LIVING FACILITY
The Harmony Collection At Roanoke Assisted Living,105,"4402 PHEASANT RIDGE ROAD,",Roanoke,VA,24014,8/31/21,ASSISTED LIVING FACILITY
"Woodland Hills Independent Living, Assisted Living & Memory Care",130,"3365 OGDEN ROAD,",Roanoke,VA,24018,8/31/21,ASSISTED LIVING FACILITY
Autumn Care Of Altavista,16,"1317 LOLA AVENUE,",Altavista,VA,24517,8/31/21,ASSISTED LIVING FACILITY
The Park At Oak Grove,164,"4920 WOODMAR DRIVE,",Roanoke,VA,24018,8/31/21,ASSISTED LIVING FACILITY
Noble Senior Living At Bedford,150,"931 ASHLAND AVENUE,",Bedford,VA,24523,8/31/21,ASSISTED LIVING FACILITY
Crestwood,106,"1401 VIRGINIA AVENUE,",Harrisonburg,VA,22802,8/31/21,ASSISTED LIVING FACILITY
Sunnyside Retirement Community Eiland Assisted Living,91,"3935 SUNNYSIDE DRIVE, SUITE A",Harrisonburg,VA,22801-2336,8/31/21,ASSISTED LIVING FACILITY
"Bridgewater Home, Inc.",161,"302 N. SECOND STREET,",Bridgewater,VA,22812,8/31/21,ASSISTED LIVING FACILITY
Maple Lawn Residential Living,16,"2526 LEE JACKSON HIGHWAY,",Staunton,VA,24401,8/31/21,ASSISTED LIVING FACILITY
Dogwood Village Of Orange County Senior Living,80,"120 DOGWOOD LANE,",Orange,VA,22960,8/31/21,ASSISTED LIVING FACILITY
"Countryside Assisted Living, Llc",19,"1240 ORANGE ROAD,",Pratts,VA,22731,8/31/21,ASSISTED LIVING FACILITY
Shenandoah Valley Westminster-Canterbury,66,"300 WESTMINSTER-CANTERBURY DRIVE,",Winchester,VA,22603,8/31/21,ASSISTED LIVING FACILITY
"Pine Meadows, Inc.",20,"218 MILL ROAD,",Woodstock,VA,22664,8/31/21,ASSISTED LIVING FACILITY
"Search Group Home, Inc.",8,"5742 N. MAIN STREET,",Mount Jackson,VA,22842,8/31/21,ASSISTED LIVING FACILITY
Dutch Haven Assisted Living,52,"257 TOLL HOUSE ROAD,",Maurertown,VA,22644,8/31/21,ASSISTED LIVING FACILITY
"Willow Estates Retirement, Inc.",62,"180 TITUS DRIVE,",Penn Laird,VA,22846,8/31/21,ASSISTED LIVING FACILITY
Stuarts Draft Christian Home,42,"144 PATTON FARM ROAD,",Stuarts Draft,VA,24477,8/31/21,ASSISTED LIVING FACILITY
White Birch Communities,78,"847 OAKWOOD DRIVE,",Rockingham,VA,22801-3924,8/31/21,ASSISTED LIVING FACILITY
Summit Square,40,"501 OAK AVENUE,",Waynesboro,VA,22980,8/31/21,ASSISTED LIVING FACILITY
The Willows At Meadow Branch,85,"1881 HARVEST DRIVE,",Winchester,VA,22601,8/31/21,ASSISTED LIVING FACILITY
Stoney Creek Adult Care,19,"526 STONEY CREEK BOULEVARD,",Edinburg,VA,22824,8/31/21,ASSISTED LIVING FACILITY
Woods Cove Assisted Living,67,"201 W. CRISER ROAD,",Front Royal,VA,22630,8/31/21,ASSISTED LIVING FACILITY
Whispering Pines Assisted Living Facility,60,"200 LEAKSVILLE ROAD,",Luray,VA,22835,8/31/21,ASSISTED LIVING FACILITY
Hawksbill Assisted Living,50,"122 N. HAWKSBILL STREET,",Luray,VA,22835,8/31/21,ASSISTED LIVING FACILITY
Brookdale Harrisonburg,114,"2101 DEYERLE AVENUE,",Harrisonburg,VA,22801,8/31/21,ASSISTED LIVING FACILITY
The Village At Gordon House,58,"501 N. MAIN STREET,",Gordonsville,VA,22942,8/31/21,ASSISTED LIVING FACILITY
Shenandoah Nursing Home,24,"339 WESTMINISTER DRIVE,",Fishersville,VA,22939,8/31/21,ASSISTED LIVING FACILITY
"Shenandoah Place, Inc.",30,"50 BURKHOLDER LANE,",New Market,VA,22844,8/31/21,ASSISTED LIVING FACILITY
Greenfield Reflections Of Strasburg Llc,40,"304 BOWMAN MILL ROAD,",Strasburg,VA,22657,8/31/21,ASSISTED LIVING FACILITY
Greenfield Senior Living Of Woodstock,49,"935 OX ROAD,",Woodstock,VA,22664,8/31/21,ASSISTED LIVING FACILITY
Hidden Springs Senior Living,71,"973 BUCK MOUNTAIN ROAD,",Bentonville,VA,22610,8/31/21,ASSISTED LIVING FACILITY
Journeys Crossing,40,"102 N. STUART AVENUE,",Elkton,VA,22827,8/31/21,ASSISTED LIVING FACILITY
Timberview Crossing,42,"351 NEW MARKET ROAD,",Timberville,VA,22853,8/31/21,ASSISTED LIVING FACILITY
Cardinal House,35,"1182 EASTSIDE HIGHWAY,",Waynesboro,VA,22980,8/31/21,ASSISTED LIVING FACILITY
Spring Arbor Of Winchester,100,"2093 NORTHWESTERN PIKE,",Winchester,VA,22603,8/31/21,ASSISTED LIVING FACILITY
Oak Grove Manor,20,"8 RAINBOW LANE,",Waynesboro,VA,22980,8/31/21,ASSISTED LIVING FACILITY
Renaissance Assisted Living,25,"118 WILLIAM MILLS DRIVE,",Stanardsville,VA,22973,8/31/21,ASSISTED LIVING FACILITY
The Harbor At Renaissance,64,"422 WILLIAM MILLS DRIVE,",Stanardsville,VA,22973,8/31/21,ASSISTED LIVING FACILITY
"The Legacy At North Augusta, Inc.",135,"1410 A N. AUGUSTA STREET,",Staunton,VA,24401,8/31/21,ASSISTED LIVING FACILITY
Commonwealth Senior Living At Front Royal,110,"600 MOUNT VIEW STREET,",Front Royal,VA,22630,8/31/21,ASSISTED LIVING FACILITY
Memory Lane Assisted Living,24,"123 LAKEVIEW DRIVE,",Woodstock,VA,22664,8/31/21,ASSISTED LIVING FACILITY
The Village At Orchard Ridge,18,"400 CLOCKTOWER RIDGE DRIVE,",Winchester,VA,22603,8/31/21,ASSISTED LIVING FACILITY
Brightview Baldwin Park,75,"31 WOODLEE ROAD,",Staunton,VA,24401,8/31/21,ASSISTED LIVING FACILITY
Green Valley Commons Assisted Living,43,"549 VALLEY MILL ROAD,",Winchester,VA,22602,8/31/21,ASSISTED LIVING FACILITY
Bellaire At Stone Port,105,"1684 PORT HILLS DRIVE,",Harrisonburg,VA,22801,8/31/21,ASSISTED LIVING FACILITY
Care Corner Senior Care,31,"224 FISHERSVILLE ROAD,",Fishersville,VA,22939,8/31/21,ASSISTED LIVING FACILITY
Living Waters Senior Care,40,"379 N. MAIN STREET,",Timberville,VA,22853,8/31/21,ASSISTED LIVING FACILITY
Shenandoah Terrace,30,"447 W. OLD CROSS ROAD,",New Market,VA,22844,8/31/21,ASSISTED LIVING FACILITY
"Mission House, Llc",22,"516 W. SPOTSWOOD TRAIL,",Elkton,VA,22827,8/31/21,ASSISTED LIVING FACILITY
Waynesboro Manor,40,"809 HOPEMAN PARKWAY,",Waynesboro,VA,22980,8/31/21,ASSISTED LIVING FACILITY
Hilltop,96,"111 DENNY LANE,",Winchester,VA,22603,8/31/21,ASSISTED LIVING FACILITY
Fox Trail Senior Living At Orange,29,"680 UNIVERSITY LANE,",Orange,VA,22960,8/31/21,ASSISTED LIVING FACILITY
Fox Trail Senior Living At Stephens City,41,"110 SPANISH OAK ROAD,",Stephens City,VA,22655,8/31/21,ASSISTED LIVING FACILITY
Fox Trail Senior Living At Front Royal,24,"106 WESTMINSTER DRIVE,",Front Royal,VA,22630,8/31/21,ASSISTED LIVING FACILITY
Green Valley Manor,70,"1011 PENNSYLVANIA AVENUE,",Winchester,VA,22601,8/31/21,ASSISTED LIVING FACILITY
Greenfield Reflections Of Woodstock,36,"1222 S. OX ROAD,",Woodstock,VA,22664,8/31/21,ASSISTED LIVING FACILITY
Golden Gardens,16,"201 DODGE STREET,",Stuarts Draft,VA,24477,8/31/21,ASSISTED LIVING FACILITY
The Retreat At Berryville,66,"450 MOSBY BLVD.,",Berryville,VA,22611,8/31/21,ASSISTED LIVING FACILITY
Greenfield Senior Living Of Strasburg,45,"14 MAYNARD LANE,",Strasburg,VA,22657,8/31/21,ASSISTED LIVING FACILITY
Brookdale Staunton,144,"1900 HILLSMERE LANE,",Staunton,VA,24401,8/31/21,ASSISTED LIVING FACILITY
Royal Care At Birch Ridge,28,"54 IMPERIAL DRIVE,",Staunton,VA,24401,8/31/21,ASSISTED LIVING FACILITY
Birch Gardens,39,"12 ROYAL DRIVE,",Staunton,VA,24401,8/31/21,ASSISTED LIVING FACILITY
Commonwealth Senior Living At Berryville,66,"413 MCCLELLAN STREET,",Berryville,VA,22611,8/31/21,ASSISTED LIVING FACILITY
The Retreat At Fishersville,66,"25 OLD OAKS DRIVE,",Fishersville,VA,22939,8/31/21,ASSISTED LIVING FACILITY
Regency At Augusta,96,"43 PINNACLE DRIVE,",Fishersville,VA,22939,8/31/21,ASSISTED LIVING FACILITY
Trinity Senior Village,46,"3017 SOMERVILLE ROAD,",Locust Grove,VA,22508,8/31/21,ASSISTED LIVING FACILITY
Hillside Residential Living,53,"403 N. COALTER STREET,",Staunton,VA,24401,8/31/21,ASSISTED LIVING FACILITY
Shenandoah Senior Living,78,"103 LEE BURKE ROAD,",Front Royal,VA,22630,8/31/21,ASSISTED LIVING FACILITY
Gregory'S Rest Home,24,"29255 &29271 WALKER LANE,",Meadowview,VA,24361,8/31/21,ASSISTED LIVING FACILITY
Fort Shelby Manor,44,"200 SOLAR STREET,",Bristol,VA,24201,8/31/21,ASSISTED LIVING FACILITY
Chestnut Grove Home For Adults,104,"786 CHRIS BARNEY ROAD,",Dryden,VA,24243,8/31/21,ASSISTED LIVING FACILITY
Showalter Center,90,"1060 SHOWALTER DRIVE,",Blacksburg,VA,24060,8/31/21,ASSISTED LIVING FACILITY
Grayson House,10,"110 BEDWELL STREET,",Independence,VA,24348,8/31/21,ASSISTED LIVING FACILITY
Fairview Home,64,"5140 HATCHER ROAD,",Dublin,VA,24084,8/31/21,ASSISTED LIVING FACILITY
Mountain View Retirement Home,41,"2336 COAL TIPPLE HOLLOW,",Lebanon,VA,24266,8/31/21,ASSISTED LIVING FACILITY
Golden Homestead,19,"120 FOURTH STREET,",Coeburn,VA,24230,8/31/21,ASSISTED LIVING FACILITY
Greystone Manor,34,"302 GREYSTONE DRIVE,",Castlewood,VA,24224,8/31/21,ASSISTED LIVING FACILITY
International Rejuvenation Center,19,"221 WEST MAIN STREET,",Marion,VA,24354,8/31/21,ASSISTED LIVING FACILITY
Hummingbird Retirement Villa,26,"282 NEW HOPE DRIVE,",Lebanon,VA,24266,8/31/21,ASSISTED LIVING FACILITY
Town & Country Adult Care Residence,30,"60 TOWN & COUNTRY DRIVE,",Lebanon,VA,24266,8/31/21,ASSISTED LIVING FACILITY
The Wybe & Marietje Kroontje Health Care Center,60,"1000 LITTON LANE,",Blacksburg,VA,24060,8/31/21,ASSISTED LIVING FACILITY
Hilltop Home For Adults,19,"180 RAINBOW CIRCLE DRIVE,",Independence,VA,24348,8/31/21,ASSISTED LIVING FACILITY
Brookdale Bristol,125,"375 LIBERTY PLACE,",Bristol,VA,24201,8/31/21,ASSISTED LIVING FACILITY
Carrington Place At Wytheville-Birdmont Center,193,"990 HOLSTON ROAD,",Wytheville,VA,24382,8/31/21,ASSISTED LIVING FACILITY
The Laurels Retirement & Assisted Living,51,"5635 BSG DRIVE,",Norton,VA,24273,8/31/21,ASSISTED LIVING FACILITY
Kingston Center,108,"428 CECIL D. QUILLEN DRIVE, THOMAS VILLAGE",Duffield,VA,24244,8/31/21,ASSISTED LIVING FACILITY
Commonwealth Senior Living At Hillsville,78,"100 KYLE DRIVE,",Hillsville,VA,24343,8/31/21,ASSISTED LIVING FACILITY
Commonwealth Senior Living At Radford,74,"7486 LEE HIGHWAY,",Radford,VA,24141,8/31/21,ASSISTED LIVING FACILITY
Commonwealth Senior Living At Christiansburg,84,"201 WHEATLAND COURT,",Christiansburg,VA,24073,8/31/21,ASSISTED LIVING FACILITY
Guardian Assisted Living,25,"99 CULBERTSON LANE,",Castlewood,VA,24224,8/31/21,ASSISTED LIVING FACILITY
Westwood Center,25,"20 WESTWOOD MEDICAL PARK,",Bluefield,VA,24605,8/31/21,ASSISTED LIVING FACILITY
Commonwealth Senior Living At Cedar Bluff,70,"500 CLINIC DRIVE,",Cedar Bluff,VA,24609,8/31/21,ASSISTED LIVING FACILITY
Commonwealth Senior Living At Abingdon,83,"860 WOLF CREEK TRAIL NW,",Abingdon,VA,24210,8/31/21,ASSISTED LIVING FACILITY
English Meadows Abingdon Campus,82,"15089 HARMONY HILLS LANE,",Abingdon,VA,24211,8/31/21,ASSISTED LIVING FACILITY
Dogwood Crossing Senior Living And Memory Care,70,"130 DEER RIDGE TRAIL,",Tazewell,VA,24651,8/31/21,ASSISTED LIVING FACILITY
Oakmont At Gordon Park,167,"401 GORDON AVE,",Bristol,VA,24201,8/31/21,ASSISTED LIVING FACILITY
Hillcrest Adult Care I,34,"27468 OVERBROOK DRIVE,",Meadowview,VA,24361,8/31/21,ASSISTED LIVING FACILITY
Greendale Home,60,"18180 RICH VALLEY ROAD,",Abingdon,VA,24210,8/31/21,ASSISTED LIVING FACILITY
New Horizons Of Abingdon,54,"482 BRADLEY STREET,",Abingdon,VA,24210,8/31/21,ASSISTED LIVING FACILITY
The Memory Care At Bristol,30,"301 VILLAGE CIRCLE,",Bristol,VA,24201,8/31/21,ASSISTED LIVING FACILITY
Burks Manor Rest Home,13,"305 HILL CREEK ROAD,",Rosedale,VA,24280,8/31/21,ASSISTED LIVING FACILITY
Dickensonville Assisted Living,27,"80 YAHWEH ROAD,",Castlewood,VA,24224,8/31/21,ASSISTED LIVING FACILITY
English Meadows Blacksburg Campus,110,"3400 SOUTH POINT DR.,",Blacksburg,VA,24060,8/31/21,ASSISTED LIVING FACILITY
Gray Ridge Village Llc,92,"155 RIDGEFIELD RD,",Marion,VA,24354,8/31/21,ASSISTED LIVING FACILITY
"Grandview Adult Care, Llc",16,"27294 DENTON VALLEY ROAD,",Abingdon,VA,24211,8/31/21,ASSISTED LIVING FACILITY
Care Oasis Assisted Living Providers Llc,23,"21573 GREEN SPRING ROAD,",Abingdon,VA,24211,8/31/21,ASSISTED LIVING FACILITY
Valley Alf Operator Llc,26,"940 EAST LEE HWY,",Chilhowie,VA,24319,8/31/21,ASSISTED LIVING FACILITY
Noble Senior Living At Christiansburg,82,"1140 WEST MAIN STREET,",Christiansburg,VA,24073,8/31/21,ASSISTED LIVING FACILITY
